{
    "X": -0.1438327133655548,
    "Y": -0.01930449716746807,
    "Z": 0.5080000162124634
}