{
    "X": -74.5484288007211,
    "Y": -614.3139956654092,
    "Z": 66.82534104179567
}