{
    "X": 75.44825890704853,
    "Y": -455.21712575992365,
    "Z": 121.58715358645563,
    "Rx": 90.04,
    "Ry": -0.68,
    "Rz": 12.96
}